{"generatedAt":1714619732216,"generateTime":80,"contents":[{"_path":"/products","_dir":"","_draft":false,"_partial":false,"_locale":"","cat-food":[{"name":"Tiki Cat® Born Carnivore® for Cats & Kittens Food - Chicken & Herring & Salmon, Non-GMO","url":"https://www.petsmart.com/cat/food-and-treats/dry-food/tiki-cat-born-carnivore-for-cats-and-kittens-food---chicken-and-herring-and-salmon-non-gmo-57603.html","img_url":"https://s7d2.scene7.com/is/image/PetSmart/5298837?$CLEARjpg$","ingredients":[],"analysis_percentage":{"protein":43,"fat":19,"fiber":3.5,"moisture":10,"ash":0,"taurine":0.13,"omega3":1.75,"omega6":2.25,"dha_epa":0.09,"potassium":0,"sodium":0,"magnesium":0,"calcium":0,"linoleic_acid":0,"phosphorus":0}},{"name":"Tiki Cat® Born Carnivore® Cat & Kitten Food - Non-GMO, Chicken & Egg","url":"https://www.petsmart.com/cat/food-and-treats/dry-food/tiki-cat-born-carnivore-cat-and-kitten-food---non-gmo-chicken-and-egg-63304.html","img_url":"https://s7d2.scene7.com/is/image/PetSmart/5322833?$CLEARjpg$","ingredients":[],"analysis_percentage":{"protein":43,"fat":19,"fiber":3.5,"moisture":10,"ash":0,"taurine":0.14,"omega3":1,"omega6":2.75,"dha_epa":0,"potassium":0,"sodium":0,"magnesium":0,"calcium":0,"linoleic_acid":0,"phosphorus":0}},{"name":"Purina Pro Plan LiveClear Kitten Dry Cat Food - Chicken & Rice","url":"https://www.petsmart.com/cat/food-and-treats/dry-food/purina-pro-plan-liveclear-kitten-dry-cat-food---chicken-and-rice-63505.html","img_url":"https://s7d2.scene7.com/is/image/PetSmart/5306187?$CLEARjpg$","ingredients":[],"analysis_percentage":{"protein":42,"fat":19,"fiber":2.5,"moisture":12,"ash":0,"taurine":0.18,"omega3":0,"omega6":2,"dha_epa":0.02,"potassium":0,"sodium":0,"magnesium":0,"calcium":1,"linoleic_acid":1.9,"phosphorus":0.8}},{"name":"Tiki Cat® Born Carnivore® for Kittens Food - Chicken & Egg, Non-GMO","url":"https://www.petsmart.com/cat/food-and-treats/dry-food/tiki-cat-born-carnivore-for-kittens-food---chicken-and-egg-non-gmo-57654.html","img_url":"https://s7d2.scene7.com/is/image/PetSmart/5338423?$CLEARjpg$","ingredients":[],"analysis_percentage":{"protein":42,"fat":22,"fiber":3.5,"moisture":10,"ash":0,"taurine":0,"omega3":0.85,"omega6":3.25,"dha_epa":0.1,"potassium":0,"sodium":0,"magnesium":0,"calcium":0,"linoleic_acid":0,"phosphorus":0}},{"name":"Merrick® Purrfect Bistro® Kitten Dry Cat Food - Chicken, Grain Free, No Artificial Flavors","url":"https://www.petsmart.com/cat/food-and-treats/dry-food/merrick-purrfect-bistro-kitten-dry-cat-food---chicken-grain-free-no-artificial-flavors-52288.html","img_url":"https://s7d2.scene7.com/is/image/PetSmart/5288387?$CLEARjpg$","ingredients":[],"analysis_percentage":{"protein":41,"fat":17,"fiber":2.5,"moisture":11,"ash":0,"taurine":0.2,"omega3":0.4,"omega6":3.5,"dha_epa":0.5,"potassium":0,"sodium":0,"magnesium":0,"calcium":1,"linoleic_acid":0,"phosphorus":0.8}},{"name":"Wellness® Complete Health Kitten Food - Natural, Grain Free, Chicken & Chicken Meal","url":"https://www.petsmart.com/cat/food-and-treats/dry-food/wellness-complete-health-kitten-food---natural-grain-free-chicken-and-chicken-meal-42000.html","img_url":"https://s7d2.scene7.com/is/image/PetSmart/5263722?$CLEARjpg$","ingredients":[],"analysis_percentage":{"protein":40,"fat":18,"fiber":4,"moisture":10,"ash":0,"taurine":0,"omega3":0,"omega6":0,"dha_epa":0.1,"potassium":0,"sodium":0,"magnesium":0,"calcium":1,"linoleic_acid":0,"phosphorus":0}},{"name":"Purina® Beyond® Kitten Kitten Cat Dry Food - Chicken, High-Protein, Natural","url":"https://www.petsmart.com/cat/food-and-treats/dry-food/purina-beyond-kitten-kitten-cat-dry-food---chicken-high-protein-natural-64079.html","img_url":"https://s7d2.scene7.com/is/image/PetSmart/5309657?$CLEARjpg$","ingredients":[],"analysis_percentage":{"protein":38,"fat":17,"fiber":3.5,"moisture":12,"ash":0,"taurine":0.18,"omega3":0,"omega6":1.8,"dha_epa":0.08,"potassium":0,"sodium":0,"magnesium":0,"calcium":1.1,"linoleic_acid":1.2,"phosphorus":0.9}},{"name":"Simply Nourish® Original Kitten Cat Dry Food - Chicken & Rice, Natural, With-Grain","url":"https://www.petsmart.com/cat/food-and-treats/dry-food/simply-nourish-original-kitten-cat-dry-food---chicken-and-rice-natural-with-grain-51907.html","img_url":"https://s7d2.scene7.com/is/image/PetSmart/5287621?$CLEARjpg$","ingredients":[],"analysis_percentage":{"protein":38,"fat":18,"fiber":4,"moisture":10,"ash":8,"taurine":0.2,"omega3":0.5,"omega6":3,"dha_epa":0.2,"potassium":0.6,"sodium":0,"magnesium":0.1,"calcium":1,"linoleic_acid":0,"phosphorus":0.8}},{"name":"Nulo MedalSeries All Life Stages Dry Cat Food - Chicken","url":"https://www.petsmart.com/cat/food-and-treats/dry-food/nulo-medalseries--all-life-stages-dry-cat-food---chicken-48953.html","img_url":"https://s7d2.scene7.com/is/image/PetSmart/5280848?$CLEARjpg$","ingredients":[],"analysis_percentage":{"protein":38,"fat":18,"fiber":4.5,"moisture":10,"ash":0,"taurine":0.2,"omega3":1,"omega6":3,"dha_epa":0,"potassium":0,"sodium":0,"magnesium":0,"calcium":1.3,"linoleic_acid":0,"phosphorus":0.9}},{"name":"Applaws® Kitten Dry Cat Food - Natural, Limited Ingredient, Grain Free, Chicken","url":"https://www.petsmart.com/cat/food-and-treats/dry-food/applaws-kitten-dry-cat-food---natural-limited-ingredient-grain-free-chicken-77500.html","img_url":"https://s7d2.scene7.com/is/image/PetSmart/5338679?$CLEARjpg$","ingredients":[],"analysis_percentage":{"protein":38,"fat":18,"fiber":3.5,"moisture":10,"ash":0,"taurine":0.2,"omega3":0.65,"omega6":0,"dha_epa":0.12,"potassium":0,"sodium":0,"magnesium":0,"calcium":0,"linoleic_acid":0,"phosphorus":0}},{"name":"Simply Nourish® Original Kitten Cat Dry Food - Chicken & Pea, Natural, Grain Free","url":"https://www.petsmart.com/cat/food-and-treats/dry-food/simply-nourish-original-kitten-cat-dry-food---chicken-and-pea-natural-grain-free-55801.html","img_url":"https://s7d2.scene7.com/is/image/PetSmart/5296032?$CLEARjpg$","ingredients":[],"analysis_percentage":{"protein":36,"fat":16,"fiber":5.5,"moisture":10,"ash":0,"taurine":0.2,"omega3":0.5,"omega6":2.5,"dha_epa":0.01,"potassium":0.6,"sodium":0,"magnesium":0.06,"calcium":1.2,"linoleic_acid":2.7,"phosphorus":1}},{"name":"Nutro Wholesome Essentials ™ Kitten Dry Cat Food - Non-GMO, Natural, Chicken & Brown Rice","url":"https://www.petsmart.com/cat/food-and-treats/dry-food/nutro-wholesome-essentials-andtrade-kitten-dry-cat-food---non-gmo-natural-chicken-and-brown-rice-56241.html","img_url":"https://s7d2.scene7.com/is/image/PetSmart/5297837?$CLEARjpg$","ingredients":[],"analysis_percentage":{"protein":36,"fat":19,"fiber":4,"moisture":10,"ash":0,"taurine":0.18,"omega3":0,"omega6":3.5,"dha_epa":0.05,"potassium":0,"sodium":0,"magnesium":0,"calcium":1.2,"linoleic_acid":0,"phosphorus":0}},{"name":"Made by Nacho™ Kitten Cat Food - Natural, High Protein, Chicken","url":"https://www.petsmart.com/cat/food-and-treats/dry-food/made-by-nachoandtrade-kitten-cat-food---natural-high-protein-chicken-68557.html","img_url":"https://s7d2.scene7.com/is/image/PetSmart/5338155?$CLEARjpg$","ingredients":[],"analysis_percentage":{"protein":34,"fat":20,"fiber":4,"moisture":10,"ash":0,"taurine":0.2,"omega3":0.75,"omega6":2.5,"dha_epa":0.2,"potassium":0,"sodium":0,"magnesium":0,"calcium":0,"linoleic_acid":0,"phosphorus":0}},{"name":"Hill's® Science Diet® Indoor Kitten Dry Cat Food - Chicken","url":"https://www.petsmart.com/cat/food-and-treats/dry-food/hills-science-diet-indoor-kitten-dry-cat-food---chicken-1848.html","img_url":"https://s7d2.scene7.com/is/image/PetSmart/5154806?$CLEARjpg$","ingredients":[],"analysis_percentage":{"protein":33.5,"fat":16.5,"fiber":3.5,"moisture":8,"ash":0,"taurine":0,"omega3":0,"omega6":0,"dha_epa":0.1,"potassium":0,"sodium":0,"magnesium":0,"calcium":0,"linoleic_acid":0,"phosphorus":0}},{"name":"Hill's® Science Diet® Kitten Dry Cat Food - Chicken","url":"https://www.petsmart.com/cat/food-and-treats/dry-food/hills-science-diet--kitten-dry-cat-food---chicken-1169.html","img_url":"https://s7d2.scene7.com/is/image/PetSmart/5154793?$CLEARjpg$","ingredients":[],"analysis_percentage":{"protein":33,"fat":19,"fiber":3.5,"moisture":8,"ash":0,"taurine":0,"omega3":0,"omega6":0,"dha_epa":0.1,"potassium":0,"sodium":0,"magnesium":0,"calcium":0,"linoleic_acid":0,"phosphorus":0}},{"name":"Royal Canin® Veterinary Diet Feline Gastrointestinal Kitten Dry Cat Food","url":"https://www.petsmart.com/cat/food-and-treats/veterinary-diets/royal-canin-veterinary-diet-feline-gastrointestinal-kitten-dry-cat-food-63349.html","img_url":"https://s7d2.scene7.com/is/image/PetSmart/5306080?$CLEARjpg$","ingredients":[],"analysis_percentage":{"protein":33,"fat":22,"fiber":3.5,"moisture":7.5,"ash":0,"taurine":0,"omega3":0,"omega6":0,"dha_epa":0.26,"potassium":0.62,"sodium":0.42,"magnesium":0,"calcium":0,"linoleic_acid":0,"phosphorus":0}},{"name":"Hill's® Science Diet® No Corn, No Wheat, No Soy Kitten Dry Cat Food - Chicken","url":"https://www.petsmart.com/cat/food-and-treats/dry-food/hills-science-diet-no-corn-no-wheat-no-soy-kitten-dry-cat-food---chicken-58009.html","img_url":"https://s7d2.scene7.com/is/image/PetSmart/5298834?$CLEARjpg$","ingredients":[],"analysis_percentage":{"protein":31,"fat":18,"fiber":2,"moisture":9,"ash":0,"taurine":0,"omega3":0,"omega6":0,"dha_epa":0.05,"potassium":0,"sodium":0,"magnesium":0,"calcium":0,"linoleic_acid":0,"phosphorus":0}}],"_id":"content:products.json","_type":"json","title":"Products","_source":"content","_file":"products.json","_extension":"json"}],"navigation":[{"title":"Products","_path":"/products"}]}